Id	Code	Level	Time	Venue	VenueId	Title	Authors	pubURL	pdf	video	github	bib	doi	image	pages	Rate	ResearchArea	Application
B1	A	2	20-Mar-21	intechopen	intechopen	Visual features for the web	"Vung Pham, Tommy Dang"	https://mts.intechopen.com/booksprocess/action/chapter/220326					ISBN 978-1-83962-944-0	images/papers/VungBook.png	20		IVA	
J12	J	2	20-Jan-21	"The Journal of Supercomputing 2020, 9(8), 1205"	Impact factor: 2.6	HiperView: Real-time Monitoring Dynamic Behaviors of High Performance Computing Centers	"Tommy Dang, Ngan Nguyen, Yong Chen"				https://idatavisualizationlab.github.io/HPCC/#Hiperview			images/papers/HiperView2.png			BDV	H
C32	C	2	19-Apr-21	The 14th IEEE Pacific Visualization Symposium	PacificVis 2021	NetScatter: Visual analytics of multivariate time series with a hybrid of dynamic and static variable relationships	"Bao Nguyen, Rattikorn Hewett, Tommy Dang"	http://vis.tju.edu.cn/pvis2021/	http://vis.tju.edu.cn/pvis2021/	https://idatavisualizationlab.github.io/B/netScatter/index.html	https://github.com/iDataVisualizationLab/B	http://vis.tju.edu.cn/pvis2021/	http://vis.tju.edu.cn/pvis2021/	images/papers/NetScatter.png	10		IVA	
J11	J	1	27-Jul-20	"Electronics 2020, 9(8), 1205"	Impact factor: 2.412	BlocklyAR: A Visual Programming Interface for Creating Augmented Reality Experiences	"Vinh Nguyen, Kwanghee Jung, Tommy Dang"	https://link.springer.com/article/10.1007/s12665-020-8851-6	https://rdcu.be/b2eT4		https://AgasedViz.github.io	https://www.springerprofessional.de/en/agasedviz-visualizing-groundwater-availability-of-ogallala-aquif/17745842	https://www.mdpi.com/2079-9292/9/8/1205	images/papers/BlocklyAR.PNG			VR	E
W25	C	2	10-Dec-20	IEEE Big Data 2020 Big Data Cup Challenge	IEEE BigData 2020	Road Damage Detection and Classification with Detectron2 and Faster R-CNN	"Vung Pham, Chau Pham, Tommy Dang"	https://rdd2020.sekilab.global/	https://arxiv.org/pdf/2010.15021.pdf		https://github.com/iDataVisualizationLab/roaddamagedetector	https://ieeexplore.ieee.org/document/8622354	10.1109/BigData.2018.8622354	images/papers/roadDetection.png				
W24	W	2	10-Dec-20	GTA 4.0 - The 4th workshop on Graph Techniques for Adversarial Activity Analytics	IEEE BigData 2020	Graph Adversarial Attacks and Defense: An Empirical Study on Citation Graph	"Chau Pham, Vung Pham, Tommy Dang"	https://gta3.hrl.com/	https://github.com/chaupmcs/kdd_cup_2020_attacks_defense_graphs		https://github.com/iDataVisualizationLab/GAAD			images/papers/GraphAttackDefense.png				
W23	W	3	9-Dec-20	The 13th International Symposium on Visual Information Communication and Interaction	VINCI 2020	ScagnosticsViewer: Tracking time series patterns via Scagnostics measures	"Ngan Nguyen, Bao Nguyen, Tommy Dang, Jon Hass"				https://idatavisualizationlab.github.io/HPCC/scagnosticsViewer/index.html	http://dx.doi.org/10.1145/3430036.3430072	http://dx.doi.org/10.1145/3430036.3430072	images/papers/scagnosticsviewer.PNG				
C31	C	2	8-Dec-20	The Symposium on Visual Information Communication and Interaction	VINCI 2020	Revisiting Common Pitfalls in Graphical Representations Utilizing a Case-based Learning Approach	"Vinh Nguyen, Kwanghee Jung, Tommy Dang"	https://dl.acm.org/conference/vinci						images/papers/MisViz.png	9		IVR	"E,B"
C30	C	2	26-Oct-20	Visualization in Data Science	VDS20	ContiMap: Continuous Heatmap for Large Time Series Data	"Vung Pham, Ngan Nguyen, Tommy Dang"	http://www.visualdatascience.org/2020/program/				https://virtual.ieeevis.org/paper_a-vds-1011.html		images/papers/contimap.PNG	9		IVA	"B,H"
A4	A	3	25-Oct-20	VAST 2020 Mini-Challenge 2 Award: Honorable Mention for Detailed Analysis of Patterns of Misclassification 	VAST 2020	VisMCA: A Visual Analytics System for Misclassification Correction and Analysis	"Huyen Nguyen, Jake Gonzalez, Jian Guo, Ngan Nguyen, Tommy Dang"	http://ieeevis.org/year/2020/welcome		https://www.youtube.com/watch?v=eS1D1JnX7eY	https://github.com/huyen-nguyen/VAST2020mc2			images/papers/VisMCA.png			IVA	
C29	C	2	5-Oct-20	ISVC 2020 - 15th International Symposium on Visual Computing	ISVC2020	Interface Design for HCI Classroom: From learners' perspective	"Huyen Nguyen, Vinh Nguyen, Tommy Dang"							images/papers/HCI.png			HCI	
C28	C	2	5-Oct-20	ISVC 2020 - 15th International Symposium on Visual Computing	ISVC2020	GenExplorer: Visualizing and Comparing Gene Expression Levels via Differential Charts	"Chau Pham, Vung Pham, Tommy Dang"			https://idatavisualizationlab.github.io/C/GenExplorer/	https://idatavisualizationlab.github.io/C/GenExplorer/			images/papers/genExplorer.png			BDV	B
C27	C	2	17-Sep-20	2020 IEEE International Conference on Cluster Computing (CLUSTER)	CLUSTER20	MonSTer: An Out-of-the-Box Monitoring Tool for High Performance Computing Systems	"Jie Li, Ghazanfar Ali, Ngan Nguyen, Jon Hass, Alan Sill, Tommy Dang, Yong Chen"	https://ieeexplore.ieee.org/document/9229641		https://www.youtube.com/watch?v=YazrPd-Hif0				images/papers/monster.PNG			BDV	H
C26	C	2	16-Sep-20	Virtual and Augmented Reality in Education	VARE20	User as a bitter tastant: Immersive experience within the binding region of a bitter taste receptor	"Tommy Dang, Anuththara Lokubandara, Ngan Nguyen, Peter Lai, Vinh Nguyen,  Chiquito Crasto"	http://www.msc-les.org/conf/vare2020/		None	None			images/papers/tastant.png	9		VR	"E,B"
W22	W	3	26-Jul-20	Practice & Experience in Advanced Research Computing Conference Series	PEARC20	RadarViewer: Visualizing the dynamics of multivariate data	"Ngan Nguyen, Jon Hass, Yong Chen, Jie Li, Alan Sill, Tommy Dang"	https://pearc.acm.org/pearc20/		https://www.youtube.com/watch?v=2h2FGGWvdOM&t=39s&ab_channel=ThuyNganNguyenVuong	https://idatavisualizationlab.github.io/HPCC/TimeRadar	https://dl.acm.org/doi/10.1145/3311790.3404538	https://dl.acm.org/doi/10.1145/3311790.3404538	images/papers/radarview.png	?		BDV	H
C25	C	2	7/1/20	11th International Conference on Advances in Information Technology 	IAIT2020	ScagCNN: Estimating Visual Characterizations of 2D Scatterplots via Convolution Neural Network	"Vung Pham, Ngan Nguyen, Tommy Dang"	http://www.iait-conf.org/2020/			https://idatavisualizationlab.github.io/V/ScagCNN/	https://dl.acm.org/doi/10.1145/3406601.3406644	https://dl.acm.org/doi/10.1145/3406601.3406644	images/papers/scagcnn.PNG	8		IVA	
C24	C	2	7/1/20	11th International Conference on Advances in Information Technology 	IAIT2020	Visual features for multivariate time series	"Bao Nguyen, Rattikorn Hewett, Tommy Dang"	http://www.iait-conf.org/2020/			https://github.com/iDataVisualizationLab/B/tree/master/timeSeries	https://dl.acm.org/doi/10.1145/3406601.3406621	https://dl.acm.org/doi/10.1145/3406601.3406621	images/papers/Visual features for multivariate time series.png	8		IVA	
W21	W	3	1-Apr-20	11th International EUROVIS workshop on visual analytics	EuroVA 2020	Congnostics: Visual features for doubly time series plots	"Bao Nguyen, Rattikorn Hewett, Tommy Dang"	https://www.eurova.org/eurova-2020	https://diglib.eg.org/bitstream/handle/10.2312/eurova20201086/049-053.pdf	https://www.youtube.com/watch?v=OU_OgoO40t4&feature=youtu.be	https://github.com/iDataVisualizationLab/B	https://diglib.eg.org/handle/10.2312/eurova20201086	https://diglib.eg.org/handle/10.2312/eurova20201086	images/papers/congnostics.png			BDV	
W20	W	3	1-Apr-20	11th International EUROVIS workshop on visual analytics	EuroVA 2020	DualNetView: Dual Views for Visualizing the Dynamics of Networks	"Vung Pham, Ngan Nguyen, Tommy Dang"	https://www.eurova.org/eurova-2020	https://www.researchgate.net/profile/Pham_Vung/publication/341615626_DualNetView_Dual_Views_for_Visualizing_the_Dynamics_of_Networks/links/5ecb3df292851c11a887f681/DualNetView-Dual-Views-for-Visualizing-the-Dynamics-of-Networks.pdf	https://www.youtube.com/watch?v=M8dyindNhbA	https://idatavisualizationlab.github. io/V/Threats/	https://dblp.org/rec/conf/eurova-ws/PhamND20.html	https://diglib.eg.org/handle/10.2312/eurova20201082	images/papers/dualview.PNG			IVA	
S10	S	3	1-Apr-20	Eurographics	Eurographics 2020	ScagnosticsJS: Extended Scatterplot Visual Features for the Web	"Vung Pham, Tommy Dang"	https://conferences.eg.org/egev20/	https://diglib.eg.org/bitstream/handle/10.2312/egs20201022/077-080.pdf	https://www.youtube.com/watch?v=yR7INFmFLDY	https://idatavisualizationlab.github.io/ScagnosticsJS/	https://diglib.eg.org/handle/10.2312/egs20201022	https://diglib.eg.org/handle/10.2312/egs20201022	images/papers/teaserscag.png			IVA	
W19	W	3	1-Apr-20	The Visualization in Environmental Sciences	EnvirVis 2020	SoilScanner: 3D Profiling and Visualizing Soil Chemicals via Portable X-ray Fluorescence	"Vung Pham, Tommy Dang"	https://www.informatik.uni-leipzig.de/bsv/envirvis2020/	https://www.researchgate.net/publication/341615460_SoilScanner_3D_Visualization_for_Soil_Profiling_using_Portable_X-ray_Fluorescence	https://www.youtube.com/watch?v=5bg-X8brbMc	https://idatavisualizationlab.github.io/Soil/soil3d.html	https://diglib.eg.org/handle/10.2312/envirvis20201094	https://diglib.eg.org/handle/10.2312/envirvis20201094	images/papers/teasersoil3d.png			IVA	E
C23	C	2	20-Dec-19	2019 IEEE International Conference on Big Data	IEEE BigData 2019	MTSAD: Multivariate Time Series Abnormality Detection and Visualization	"Vung Pham, Ngan Nguyen, Jie Li, Jon Hass, Yong Chen, Tommy Dang"	https://ieeexplore.ieee.org/abstract/document/9006559	https://ieeexplore.ieee.org/stamp/stamp.jsp?tp=&arnumber=9006559			https://doi.org/10.1109/BigData47090.2019.9006559	https://doi.org/10.1109/BigData47090.2019.9006559	images/papers/MTSAD.png			BDV	H
C22	C	2	20-Dec-19	2019 IEEE International Conference on Big Data	IEEE BigData 2019	Solar Flare Prediction Using Two-tier Ensemble with Deep Learning and Gradient Boosting Machine	"Chau Pham, Vung Pham, Tommy Dang"	https://ieeexplore.ieee.org/abstract/document/9006542	https://ieeexplore.ieee.org/stamp/stamp.jsp?tp=&arnumber=9006542			https://doi.org/10.1109/BigData47090.2019.9006542	https://doi.org/10.1109/BigData47090.2019.9006542	images/papers/SolarFlare.png			IVA	
J10	J	1	11-Feb-20	Environmental Earth Sciences	Impact factor: 1.871	"AgasedViz: Visualizing Groundwater Availability of Ogallala Aquifer, USA"	"Tommy Dang, Vung Pham, Huyen Nguyen, Ngan Nguyen"	https://link.springer.com/article/10.1007/s12665-020-8851-6	https://rdcu.be/b2eT4		https://AgasedViz.github.io	https://www.springerprofessional.de/en/agasedviz-visualizing-groundwater-availability-of-ogallala-aquif/17745842	https://doi.org/10.1007/s12665-020-8851-6	images/papers/AgasedViz.png			IVA	E
S9	S	2	28-Apr-20	Artificial Intelligence and Machine Learning for Multi-Domain Operations Applications II	SPIE 2020	Securing autonomous system in multi-domain tactical environment	"Tommy Dang,Dy Le,Vung Pham"	https://spie.org/si/conferencedetails/artificial-intelligence-and-machine-learning-for-multi-domain-battle-applications?SSO=1	https://www.researchgate.net/publication/341581218_Securing_autonomous_system_in_multi-domain_tactical_environment			https://www.spiedigitallibrary.org/conference-proceedings-of-spie/11413/1141320/Securing-autonomous-system-in-multi-domain-tactical-environment/10.1117/12.2558640.short?SSO=1	https://www.spiedigitallibrary.org/conference-proceedings-of-spie/11413/1141320/Securing-autonomous-system-in-multi-domain-tactical-environment/10.1117/12.2558640.short?SSO=1	images/papers/SAS.png	vr		EML	C
S8	S	2	20-Jan-20	The 22nd Symposium on Practical Aspects of Declarative Languages	PADL 2020	VRASP: A Virtual Reality Environment for Learning Answer Set Programming	"Vinh Nguyen, Yuanlin Zhang, Kwanghee Jung, Wanli Xing, Tommy Dang"	https://popl20.sigplan.org/details/PADL-2020-papers/7/VRASP-A-Virtual-Reality-Environment-for-Learning-Answer-Set-Programming	https://popl20.sigplan.org/details/PADL-2020-papers/7/VRASP-A-Virtual-Reality-Environment-for-Learning-Answer-Set-Programming			https://www.springerprofessional.de/en/vrasp-a-virtual-reality-environment-for-learning-answer-set-prog/17572304	https://link.springer.com/chapter/10.1007/978-3-030-39197-3_6	images/papers/VR_PADL.png	vr		VR	L
S7	C	3	8-Jan-20	"11th International conference on Bioinformatics models, method and algorithms"	"BioInformatis 2020, Valleta, Malta"	PIACAN: Pathway Integration and Analysis of Cancer Networks	"Vinh Nguyen, Tommy Dang"	http://www.bioinformatics.biostec.org/	https://www.insticc.org/Primoris/Resources/PaperPdf.ashx?idPaper=91859	https://youtu.be/oUF0zmyzjvQ	https://github.com/iDataVisualizationLab/Cancer		http://www.insticc.org/node/TechnicalProgram/biostec/presentationDetails/91859	images/papers/PIACAN.png	7		BDV	B
C21	S	3	9-Dec-19	The 2nd International Conference on Artificial Intelligence & Virtual Reality (AIVR 2019)	AIVR 2019	Creating Virtual Reality and Augmented Reality development in classroom: Is it a hype?	"Vinh Nguyen,Kwanghee Jung,Tommy Dang"	http://aivr.science.uu.nl/index2019.html	https://ieeexplore.ieee.org/document/8942272				https://ieeexplore.ieee.org/document/8942272	images/papers/VRClassHype.png	6		VR	E
C20	S	3	9-Dec-19	The 2nd International Conference on Artificial Intelligence & Virtual Reality (AIVR 2019)	AIVR 2019	VRescuer: A Virtual Reality Application for Disaster Response Training	"Vinh Nguyen,Kwanghee Jung,Tommy Dang"	http://aivr.science.uu.nl/index2019.html	https://easychair.org/publications/preprint_download/WDqv				https://ieeexplore.ieee.org/document/8942307/versions	images/papers/vrescuer.gif	4		VR	
C19	S	3	9-Dec-19	The 2nd International Conference on Artificial Intelligence & Virtual Reality (AIVR 2019)	AIVR 2019	DroneVR: A Web Virtual Reality Simulator for Drone Operator	"Vinh Nguyen,Kwanghee Jung,Tommy Dang"	http://aivr.science.uu.nl/index2019.html	https://ieeexplore.ieee.org/stamp/stamp.jsp?tp=&arnumber=8942250				https://ieeexplore.ieee.org/document/8942250	images/papers/dronevr.gif	6		VR	
J9	J	1	16-Dec-19	Journal of Smart and Sustainable Manufacturing Systems	Impact factor: 2.217	Visualization and Explainable Machine Learning for Efficient Manufacturing and System Operations	"Dy Le,Vung Pham,Huyen Nguyen,Tommy Dang"	https://www.astm.org/DIGITAL_LIBRARY/JOURNALS/SSMS/PAGES/SSMS20190029.htm	https://www.astm.org/DIGITAL_LIBRARY/JOURNALS/SSMS/PAGES/SSMS20190029.htm			https://scholar.googleusercontent.com/scholar.bib?q=info:By1U6W4nl0EJ:scholar.google.com/&output=citation&scisdr=CgXE0E6MEOvqqeeKKc4:AAGBfm0AAAAAXg2PMc6MU2DDxw5WGsLQtOAoqPwW4uYI&scisig=AAGBfm0AAAAAXg2PMWFyxcWmp33ZLiz1pK6E9TdZedXK&scisf=4&ct=citation&cd=-1&hl=en	https://www.astm.org/DIGITAL_LIBRARY/JOURNALS/SSMS/PAGES/SSMS20190029.htm	images/papers/Airplane1.png	vr		EML	
W18	W	3	20-Nov-19	"The 3rd Industry/University Joint International Workshop on Data-Center Automation, Analytics, and Control (DAAC)"	DAAC 2019	CloudTraceViz: A Visualization Tool for Tracing Dynamic Usage of Cloud Computing Resources	"Vinh Nguyen, Tommy Dang"	https://sc19.supercomputing.org/proceedings/workshops/workshop_sessions.html#sess133	https://sc19.supercomputing.org/presentation/?id=ws_daac102&amp;sess=sess133			https://www.semanticscholar.org/paper/CloudTraceViz%3A-A-Visualization-Tool-for-Tracing-of-Nguyen-Dang/c360a5162952ac6dd5ab51ef83aee62065688235	https://ieeexplore.ieee.org/document/8948826	images/papers/CloudTrace.png	vr		BDV	H
W17	W	3	10-Nov-19	"The 3rd Industry/University Joint International Workshop on Data-Center Automation, Analytics, and Control (DAAC)"	DAAC 2019	HiperJobViz: Visualizing Resource Allocations in High-Performance Computing Center via Multivariate Health-Status Data	"Ngan Nguyen,Yong Chen,Jon Hass,Tommy Dang"	https://sc19.supercomputing.org/proceedings/workshops/workshop_sessions.html#sess133	https://www.researchgate.net/publication/338443238_HiperJobViz_Visualizing_Resource_Allocations_in_High-Performance_Computing_Center_via_Multivariate_Health-Status_Data		https://idatavisualizationlab.github.io/HPCC/HiperJobViz20191126/index.html	https://ieeexplore.ieee.org/document/8948738	https://ieeexplore.ieee.org/document/8948738	images/papers/HiperTimeRadar.png	vr		BDV	H
J8	J	3	12-Dec-19	Geoderma	Impact Factor: 4.336	Enhanced soil profile visualization using portable X-ray fluorescence (PXRF) spectrometry	"Fujun Sun, Noura Bakr, Tommy Dang, Vung Pham, David Weindorf, Zhuodong Jiang"	https://www.sciencedirect.com/journal/geoderma	https://www.sciencedirect.com/science/article/pii/S0016706119308419/pdfft?isDTMRedir=true&download=true			https://www.sciencedirect.com/science/article/pii/S0016706119308419	https://doi.org/10.1016/j.geoderma.2019.113997	images/papers/geodermaSoil.png	vr		BDV	E
J7	J	3	1-Aug-19	Journal of Vision	Impact factor: 3.376	Multisensory Integration of Visual and Auditory Signals during Second Language Learning	"Guangsheng Liang,Vinh Nguyen,Kimi Nakatsukasa,Aaron Braver,Tommy Dang,Miranda Scolari"	https://jov.arvojournals.org/	https://jov.arvojournals.org/article.aspx?articleid=2751034			https://doi.org/10.1167/19.10.274	https://doi.org/10.1167/19.10.274	images/papers/Avatar.png	vr		VR	L
J6	J	3	1-Aug-19	International Journal of Semantic Computing	Impact factor: 0.69	Learners' Technological Acceptance of VR Content Development: A Sequential 3-Part Use Case Study of Diverse Post-Secondary Students	"Vinh Nguyen,Rebecca Hite, Tommy Dang"	https://www.worldscientific.com/worldscinet/ijsc	https://myweb.ttu.edu/vinhtngu/data/S1793351X19400154.pdf			https://www.worldscientific.com/action/showCitFormats?doi=10.1142%2FS1793351X19400154	https://www.worldscientific.com/doi/abs/10.1142/S1793351X19400154	images/papers/VRJournal.png	vr		VR	L
C18	C	3	20-Oct-19	IEEE Conference on Visual Analytics Science and Technology (VAST)	VAST 2019	EQSA: Earthquake Situational Analytics from Social Media	"Huyen Nguyen,Tommy Dang"	https://ieeexplore.ieee.org/document/8986947	https://ieeexplore.ieee.org/document/8986947	https://www.youtube.com/watch?v=CxqILM1OKos	https://github.com/iDataVisualizationLab/VAST2019mc3	https://ieeexplore.ieee.org/document/8986947	https://ieeexplore.ieee.org/document/8986947	images/papers/EQSA.png			IVA	S
C17	C	3	20-Oct-19	Visualization in Data Science	VDS 2019	Outliagnostics: Visualizing Temporal Discrepancy in Outlying Signatures of Data Entries	"Vung Pham,Tommy Dang"	http://www.visualdatascience.org/2019/	https://www.researchgate.net/publication/338948958_Outliagnostics_Visualizing_Temporal_Discrepancy_in_Outlying_Signatures_of_Data_Entries	https://vimeo.com/378345041	https://outliagnostics.github.io/index.html	https://www.semanticscholar.org/paper/Outliagnostics%3A-Visualizing-Temporal-Discrepancy-in-Pham-Dang/594906e656cae053850f248f6a9236db753994dd	https://ieeexplore.ieee.org/document/8973379	images/papers/Outliagnostics2.png	vr		IVA	H
C16	C	3	10-Oct-19	International Symposium on Visual Computing	ISVC2019	Ant-SNE: Tracking Community Evolution of Multivariate Outliers via Animated t-SNE	"Ngan Nguyen,Tommy Dang"	https://www.isvc.net/	https://link.springer.com/content/pdf/10.1007%2F978-3-030-33720-9_25.pdf	https://www.youtube.com/watch?v=Yg0sAzb46EY&amp;t=1s	https://idatavisualizationlab.github.io/N/Ant-SNE/index.html	//citation-needed.springer.com/v2/references/10.1007/978-3-030-33720-9_25?format=bibtex&amp;flavour=citation	https://doi.org/10.1007/978-3-030-33720-9_25	images/papers/antSNE.png	vr		IVA	"H,S"
C15	C	3	1-Oct-19	International Symposium on Visual Computing	ISVC2019	VRParaSet: A Virtual Reality model for visualizing multidimensional data	"Ngan Nguyen,Lino Virgen,Tommy Dang"	https://www.isvc.net/	https://link.springer.com/chapter/10.1007/978-3-030-33723-0_11		https://github.com/iDataVisualizationLab/VRParallelSet	//citation-needed.springer.com/v2/references/10.1007/978-3-030-33723-0_11?format=bibtex&amp;flavour=citation	https://doi.org/10.1007/978-3-030-33723-0_11	images/papers/VRParaSet.png	vr		VR	
S6	S	2	10-Sep-19	Practice & Experience in Advanced Research Computing Conference Series	"PEARC10:  July 28 - August 1, 2019 Chicago, IL"	HiperViz: Interactive visualization of CPU Temperatures in High Performance Computing Centers	"Ngan Nguyen,Tommy Dang"	https://www.pearc19.pearc.org/	https://dl.acm.org/citation.cfm?id=3337959&amp;dl=ACM&amp;coll=DL	https://www.youtube.com/watch?v=cfKU_3ss-mI	https://idatavisualizationlab.github.io/HPCC/HiperView/demo.html		https://dl.acm.org/citation.cfm?id=3332186.3337959	images/papers/HiperView.png	vr	https://dl.acm.org/downformats.cfm?id=3337959&amp;parent_id=3332186&amp;expformat=bibtex	BDV	H
S5	S	2	1-Sep-19	Practice & Experience in Advanced Research Computing Conference Series	"PEARC10:  July 28 - August 1, 2019 Chicago, IL"	HiperVR: A Virtual Reality model for High Performance Computing Systems	"Ngan Nguyen,Lino Virgen,Tommy Dang"	https://www.pearc19.pearc.org/	https://dl.acm.org/citation.cfm?id=3337958	https://www.youtube.com/watch?v=iKmpS74G6xM	https://github.com/iDataVisualizationLab/HPCC/tree/master/HiperView20190531/HPCC_VR	https://dl.acm.org/citation.cfm?id=3337958	https://dl.acm.org/citation.cfm?id=3337958	images/papers/2019_HiperVR.png	vr		VR	H
C14	C	3	1-May-19	"The 45th annual conference on computer graphics, visualization and human-computer interaction"	"Graphics Interface (GI) 2019, May 28, Kingston, Canada"	FSelector: Variable Selection Using Visual Features	Tommy Dang	http://graphicsinterface.org/conference/2019/	https://github.com/FeatureSelector/FeatureSelector.github.io/blob/master/Scagnostics_GI2019.pdf	https://featureselector.github.io/	https://github.com/FeatureSelector/FeatureSelector.github.io	http://graphicsinterface.org/proceedings/gi2019/gi2019-7/	http://graphicsinterface.org/proceedings/gi2019/gi2019-7/	images/papers/FSelector.png	vr		IVA	
C13	C	3	1-Apr-19	" Lecture Notes in Computer Science book series (LNCS, volume 11027)"	Programming and Performance Visualization Tools	Visualizing Multidimensional Health Status of Data Centers	Tommy Dang	https://link.springer.com/book/10.1007/978-3-030-17872-7	https://www.researchgate.net/publication/332597697_Visualizing_Multidimensional_Health_Status_of_Data_Centers			https://link.springer.com/chapter/10.1007/978-3-030-17872-7_17	https://www.springerprofessional.de/visualizing-multidimensional-health-status-of-data-centers/16670914	images/papers/Hiper.png	vr		BDV	H
W16	W	2	1-Jul-19	IEEE International Workshop on Deep Analysis of Data-Driven Applications	DADA 2019	SpacePhaser: Phase Space Embedding Visual Analytics	"Ngan Nguyen,Tommy Dang"	https://ieeecompsac.computer.org/2019/dada/	https://ieeexplore.ieee.org/stamp/stamp.jsp?arnumber=8753913	https://vixlab.github.io/SpacePhaser/	https://github.com/VixLAB/SpacePhaser	https://ieeexplore.ieee.org/abstract/document/8753913	https://ieeexplore.ieee.org/abstract/document/8753913	images/papers/PhaseSpace.png	vr		IVA	H
A3	A	3	10-Jun-19	The Visualization in Environmental Sciences	EnvirVis 2019 	SOAViz: Visualization for Portable X-ray Fluorescence	"Vung Pham,Tommy Dang"	https://www.informatik.uni-leipzig.de/bsv/envirvis2019/	https://diglib.eg.org/bitstream/handle/10.2312/envirvis20191102/033-040.pdf	https://idatavisualizationlab.github.io/Soil/	https://github.com/iDataVisualizationLab/Soil	https://diglib.eg.org/handle/10.2312/envirvis20191102	https://diglib.eg.org/handle/10.2312/envirvis20191102	images/papers/SOAViz.png	vr		IVA	E
S4	S	4	1-Jun-19	21st EG/VGTC Conference on Visualization	EuroVis 2019	WordStream: Interactive Visualization for Topic Evolution	"Tommy Dang,Huyen Nguyen,Vung Pham"	https://www.eurovis.org/	https://diglib.eg.org/bitstream/handle/10.2312/evs20191178/103-107.pdf?sequence=1&isAllowed=n	https://idatavisualizationlab.github.io/WordStream/video.html	https://github.com/iDataVisualizationLab/WordStream	https://diglib.eg.org/handle/10.2312/2632781	https://diglib.eg.org/handle/10.2312/evs20191178	images/papers/ws.png	vr		IVA	S
W15	W	3	20-Dec-18	The 2nd International Workshop on Big Social Management and Analysis	BSMDMA 2018 	HealthTvizer: Exploring Health Awareness in Twitter Data through Coordinated Multiple Views	"Ngan Nguyen,Tommy Dang,Vung Pham"	http://www.comp.hkbu.edu.hk/~xinhuang/BSMDMA2018/	https://ieeexplore.ieee.org/stamp/stamp.jsp?tp=&arnumber=8622445	https://healthtvizer.github.io/	https://github.com/HealthTvizer/HealthTvizer.github.io	https://ieeexplore.ieee.org/document/8622445	https://ieeexplore.ieee.org/document/8622445	images/papers/HealthTvizer.png	vr		IVA	B
W14	W	3	5-Dec-18	The 2nd International Workshop on Big Data for Financial News and Data	Financial News 2018 	FinanViz: Visualizing Emerging Topics in Financial News	"Ngan Nguyen,Tommy Dang"	https://intelligentfinance.github.io/2018IEEE-BigData-Workshop/index.html	https://ieeexplore.ieee.org/stamp/stamp.jsp?tp=&arnumber=8622097	https://idatavisualizationlab.github.io/FinanViz/index.html	https://github.com/iDataVisualizationLab/FinanViz	https://ieeexplore.ieee.org/document/8622097	https://ieeexplore.ieee.org/document/8622097	images/papers/FinanViz.png	vr		BDV	
W13	W	3	1-Dec-18	The 3rd International Workshop on Application of Big Data for Computational Social Science	ABCSS  Workshop @ IEEE BigData 2018	UFO_Tracker: Visualizing UFO sightings	"Vinh Nguyen,Tommy Dang"	https://css-japan.com/en/bigdatacss2018/	https://myweb.ttu.edu/vinhtngu/data/IEEE_UFO_BigData_CameraReady__S25201.pdf		https://github.com/iDataVisualizationLab/UFO	https://ieeexplore.ieee.org/document/8622418	https://ieeexplore.ieee.org/document/8622418	images/papers/UFOTracker.png	vr		IVA	
W12	W	3	1-Dec-18	Big Data Engineering and Analytics in Cyber-Physical Systems	BigEACPS'18	IoTNegViz: An interactive tool for visualizing negative aspects of IoT	"Huyen Nguyen,Vinh Nguyen,Ngan Nguyen,Vung Pham,Tommy Dang"	https://sites.google.com/site/bigeacps18	https://www.researchgate.net/profile/Huyen_Nguyen140/publication/332544752_IoTNegViz_An_Interactive_Tool_for_Visualizing_Negative_Aspects_of_IoT/links/5cbe2f6192851c8d22fe9d91/IoTNegViz-An-Interactive-Tool-for-Visualizing-Negative-Aspects-of-IoT.pdf		https://github.com/nnhuyen/IoTNegViz	https://scholar.googleusercontent.com/scholar.bib?q=info:JhJVoA_C43oJ:scholar.google.com/&output=citation&scisdr=CgXE0E6MEOvqqeeIzbw:AAGBfm0AAAAAXg2N1bx8iT2EOTBb_16ICWd2HvGgAIRz&scisig=AAGBfm0AAAAAXg2N1RLlxoA_9iAbshCa3_MC7HWXTYu6&scisf=4&ct=citation&cd=-1&hl=en	https://doi.org/10.1109/BigData.2018.8621984	images/papers/IoTNegViz.png	vr		BDV	S
W11	W	3	1-Dec-18	Big Data Engineering and Analytics in Cyber-Physical Systems	BigEACPS'18	IoTViz: Visualizing Emerging Topics in the Internet of Things	"Vung Pham,Vinh Nguyen,Tommy Dang"	https://sites.google.com/site/bigeacps18	https://myweb.ttu.edu/vinhtngu/data/IEEE_BigData_IoT_CameraReady.pdf	https://idatavisualizationlab.github.io/IoT/	https://github.com/iDataVisualizationLab/IoT	https://ieeexplore.ieee.org/document/8622375	https://ieeexplore.ieee.org/document/8622375	images/papers/IoTViz.png	vr		BDV	S
W10	W	3	1-Nov-18	"The 2nd International Industry/University Workshop on Data-center Automation, Analytics, and Control"	DAAC 2018 	HPCViz: Visualizing and Monitoring Health Status of High Performance Computing Systems	"Tommy Dang,Vinh Nguyen,Vung Pham,Ghazanfar Ali,Yong Chen "	https://daac-general.nsfcac.org/daac-2018	https://drive.google.com/file/d/10SMKSwVMtkmLHaiBiDwdR_3NnKgUopFZ/view	https://idatavisualizationlab.github.io/HPCC/HPCViz/	https://github.com/iDataVisualizationLab/HPCC/tree/master/HPCViz		https://sc18.supercomputing.org/proceedings/workshops/workshop_pages/ws_daac116.html	images/papers/HPCViz.png	vr		BDV	H
C12	C	2	26-Dec-18	IEEE International Conference on Big Data	IEEE BigData	CVExplorer: Multidimensional Visualization for Common Vulnerabilities and Exposures	"Vung Pham,Tommy Dang"	http://cci.drexel.edu/bigdata/bigdata2018/index.html	https://github.com/iDataVisualizationLab/CVSS/blob/master/CVExplorer_BigData_2018.pdf	https://idatavisualizationlab.github.io/CVSS/	https://github.com/iDataVisualizationLab/CVSS	https://ieeexplore.ieee.org/document/8622092	http://cci.drexel.edu/bigdata/bigdata2018/AcceptedPapers.html	images/papers/CVExplorer2.png	vr		IVA	C
C11	C	2	30-Dec-18	IEEE International Conference on Artificial Intelligence and Virtual Reality	AIVR 2018	Web-based Virtual Reality development in classroom: From learner's perspectives	"Vinh Nguyen,Tommy Dang"	http://aivr.asia.edu.tw/2018/	https://ieeexplore.ieee.org/stamp/stamp.jsp?tp=&arnumber=8613629	https://www.youtube.com/watch?v=3IT3-mnqayo&feature=youtu.be	https://idatavisualizationlab.github.io/CS5331-VirtualReality/P1/index.html	https://ieeexplore.ieee.org/abstract/document/8613629	https://ieeexplore.ieee.org/abstract/document/8613629	images/papers/AIVR1.png	vr		VR	L
A2	A	2	3-Oct-18	VAST Challenge 2018: Mini-Challenge 2	VAST 2018	Award: Strong Support for Exploratory Analysis	"Vung Pham,Tommy Dang"	http://vacommunity.org/VAST+Challenge+2018+MC2	https://idatavisualizationlab.github.io/VAST2018/mc2/index.htm	https://idatavisualizationlab.github.io/VAST2018/	https://github.com/iDataVisualizationLab/VAST2018	https://vimeo.com/319290251	https://idatavisualizationlab.github.io/VAST2018/heatmap.html	images/papers/VAST2018mc2.png	vr		IVA	E
A1	A	2	1-Oct-18	VAST Challenge 2018: Mini-Challenge 2	VAST 2018	Honorable Mention: Representation of Small-Scale Temporal Patterns	"Tommy Dang,Vung Pham"	http://vacommunity.org/VAST+Challenge+2018+MC3	https://www.researchgate.net/publication/330005824_MTDES_Multi-dimensional_Temporal_Data_Exploration_System_Strong_Support_for_Exploratory_Analysis_Award_in_VAST_2018_Mini-Challenge_2	https://idatavisualizationlab.github.io/VAST2018mc3/	https://github.com/iDataVisualizationLab/VAST2018mc3	https://ieeexplore.ieee.org/document/8802457	https://www.researchgate.net/publication/330005699_TimeMatrix_Visual_Representation_for_Temporal_Pattern_Detection_in_Dynamic_Networks_VAST_2018_Mini-Challenge_3	images/papers/VAST2018mc3.png	vr		IVA	S
S3	S	2	1-Jul-18	ACM SIGSOFT International Symposium on Software Testing and Analysis	ISSTA 2018	MalViz: An Interactive Visualization Tool for Tracing Malware	"Vinh Nguyen,Tommy Dang,Akbar Namin"	https://conf.researchr.org/home/issta-2018	https://github.com/Alex-Nguyen/Malviz/blob/master/paper/ISSTA2018_Demo_CameraReady.pdf	https://www.youtube.com/watch?v=4NUMYGhPb4I&feature=youtu.be	https://github.com/Alex-Nguyen/Malviz	https://dl.acm.org/citation.cfm?doid=3213846.3229501	https://dl.acm.org/citation.cfm?doid=3213846.3229501	images/papers/MalViz.png	vr		IVA	C
W9	W	3	10-Jun-18	The 9th international EuroVis workshop on Visual Analytics	EuroVA 2018 	ComModeler: Topic Modeling Using Community Detection	"Vinh Nguyen,Tommy Dang"	http://www.eurova.org/	https://www.researchgate.net/publication/324451738_ComModeler_Topic_Modeling_Using_Community_Detection	https://dycomdetector.github.io/	https://github.com/DycomDetector/DycomDetector.github.io	https://diglib.eg.org/handle/10.2312/eurova20181104	https://diglib.eg.org/handle/10.2312/eurova20181104	images/papers/ComModeler_IMDB.png	vr		IVA	S
W8	W	3	1-Apr-18	The Visualization in Environmental Sciences	EnvirVis 2018 	Predict Saturated Thickness using TensorBoard Visualization	"Vinh Nguyen,Fang Jin,Tommy Dang"	https://www.informatik.uni-leipzig.de/bsv/envirvis2018/	https://www.researchgate.net/publication/324362772_Predict_Saturated_Thickness_using_TensorBoard_Visualization	https://www.youtube.com/watch?v=GIN6J0pme40	https://github.com/Alex-Nguyen/SaturatedThicknessTensorBoard	https://diglib.eg.org/handle/10.2312/envirvis20181135	https://diglib.eg.org/handle/10.2312/envirvis20181135	images/papers/SaturatedThickness.png	vr		EML	E
W7	W	3	10-Oct-17	"IEEE Workshop on Virtual, Augmented and Mixed Reality in Education"	ISMAR 2017 	Setting up virtual reality and augmented reality learning environment in Unity	"Vinh Nguyen,Tommy Dang"	https://www.vamre.org/	https://myweb.ttu.edu/vinhtngu/contents/2017/VAMRE/SetupVRUnity.pdf	https://drive.google.com/file/d/1QZkop1Vl17tabTXLwWEYegCt9uq5Vr4r/view	https://terrain.party/	bibTex/Nguyen2017SettingUpVR.txt	http://ieeexplore.ieee.org/document/8088512/	images/papers/SettingUpVR.png	vr		VR	L
W6	W	3	1-Aug-17	Visualization in Data Science at IEEE VIS 2017	VDS 2017	CancerLinker: Explorations of Cancer Study Network	"Vinh Nguyen,Tommy Dang"	http://www.visualdatascience.org/2017/	https://arxiv.org/pdf/1710.06062.pdf	https://www.youtube.com/embed/ioyaTPani4A	https://github.com/iDataVisualizationLab/CancerLinker	https://ieeexplore.ieee.org/document/8573445	https://arxiv.org/abs/1710.06062	images/papers/CancerMapper.png	vr	?%	IVA	B
W5	W	3	22-Jul-17	Proceedings of the 3rd International Workshop on Visualization and Interaction for Ontologies and Linked Data	VOILA 2017	A User Study of Techniques for Visualizing Structure and Connectivity in Hierarchical Datasets	"Tommy Dang,Paul Murray,Ronak Etemadpour,Angus Forbes"	http://voila2017.visualdataweb.org/	http://ceur-ws.org/Vol-1947/paper05.pdf	http://cactustrees.github.io/	https://github.com/CactusTrees/CactusTrees.github.io	bibTex/Dang2017CactusStudy.txt	http://ceur-ws.org/Vol-1947/	images/papers/CactusStudy.png	vr	?%	BDV	B
W4	W	3	1-Jun-17	KDD 2017 Workshop on Interactive Data Exploration and Analytics	IDEA 2017	DycomDetector: Discover topics using automatic community detections in dynamic networks	"Tommy Dang ,Vinh Nguyen"	http://poloclub.gatech.edu/idea2017/	https://github.com/iDataVisualizationLab/DycomDetector/blob/master/paper/DycomDetector.pdf	https://www.youtube.com/watch?v=Sk1rde-C0Pc&feature=youtu.be	https://github.com/iDataVisualizationLab/DycomDetector	https://www.researchgate.net/publication/328006659_DycomDetector_Discover_topics_using_automatic_community_detections_in_dynamic_networks	https://www.researchgate.net/publication/328006659_DycomDetector_Discover_topics_using_automatic_community_detections_in_dynamic_networks	images/papers/Dycom.png	vr		BDV	S
W3	W	3	1-Mar-17	The Visualization in Environmental Sciences 	EnvirVis 2017	STOAViz: Visualizing Saturated Thickness of Ogallala Aquifer	"Tommy Dang,Abdullah Karim,Venki Uddameri"	http://www.informatik.uni-leipzig.de/~envirvis2017/	https://github.com/iDataVisualizationLab/SaturatedThickness/raw/master/files/STOAViz.pdf	https://myweb.ttu.edu/longhngu/resources/demo-saturated-thickness.mp4	https://github.com/iDataVisualizationLab/SaturatedThickness	bibTex/Dang2017StoaViz.txt	https://diglib.eg.org/handle/10.2312/envirvis20171102	https://github.com/iDataVisualizationLab/SaturatedThickness/raw/master/files/STOAViz.png	vr	?%	IVA	E
S2	S	3	1-Apr-17	The 10th IEEE Pacific Visualization Symposium	PacificVis 2017	CactusTree: A Tree Drawing Approach for Hierarchical Edge Bundling	"Tommy Dang,Angus Forbes"	http://pacificvis.snu.ac.kr/	https://github.com/iDataVisualizationLab/webFiles/raw/master/CactusTree/CactusTree.pdf	https://github.com/iDataVisualizationLab/webFiles/blob/master/CactusTree/CactusTree.mp4?raw=true	https://github.com/CreativeCodingLab/HierarchicalCircularLayout	bibTex/Dang2017CactusTree.txt	http://ieeexplore.ieee.org/document/8031596/	images/papers/cactus.png	vr	42%	BDV	B
S1	S	3	10-Feb-17	The 10th IEEE Pacific Visualization Symposium	PacificVis 2017	BioLinker: Bottom-up exploration of protein interaction network	"Tommy Dang,Paul Murray,Angus Forbes"	http://pacificvis.snu.ac.kr/	https://github.com/iDataVisualizationLab/BioLinker/raw/master/files/BioLinker.pdf	http://www2.cs.uic.edu/~tdang/BioLinker/BioLinker.mp4	https://github.com/iDataVisualizationLab/BioLinker	bibTex/Dang2017BioLinker.txt	http://ieeexplore.ieee.org/document/8031603/	https://raw.githubusercontent.com/CreativeCodingLab/BioLinker/master/figures/Figure1.png	vr	42%	BDV	B
W2	W	3	1-Apr-16	The 7th international EuroVis workshop on Visual Analytics	EuroVA 2016	MultiLayerMatrix: Visualizing Large Taxonomic Datasets	"Tuan Dang,Tommy Dang,Hong Cui,Angus Forbes"								vr		BDV	B
J5	J	1	1-Jun-16	Computer Graphics Forum 35(3)	"EuroVis 2016,"	TimeArcs: Visualizing Fluctuations in Dynamic Networks	"Tuan Dang,Nick Pendar,Angus Forbes"								vr	27%	BDV	B
W1	W	3	1-Nov-15	International Workshop on Visualizations and User Interfaces for Ontologies and Linked Data	VOILA 2015	ProvenanceMatrix: A Visualization Tool for Multi-Taxonomy Alignments	"Tuan Dang,Nico Franz,Bertram Ludascher,Angus Forbes"								vr		BDV	B
C10	C	2	1-Jul-15	BMC Proceedings 9(6)	BioVis 2015	ReactionFlow: An Interactive Visualization Tool for Causality Analysis in Biological Pathways	"Tuan Dang,Paul Murray,Jillian Aurisano,Angus Forbes"								vr		BDV	B
C9	C	2	10-Jul-15	BMC Proceedings 9(6)	BioVis 2015	PathwayMatrix: Visualizing Binary Relationships between Proteins in Biological Pathways	"Tuan Dang,Paul Murray,Angus Forbes"								vr		BDV	B
C8	C	3	1-Dec-14	Proceedings of the 10th International Symposium on Visual Computing	ISVC 2014	PixSearcher: Searching Similar Images in Large Image Collections through Pixel Descriptors	"Tuan Dang,Leland Wilkinson"								vr		IVA	
J4	J	1	1-Apr-14	IEEE Transactions on Visualization and Computer Graphics 20(12)	VAST 2014	Transforming Scagnostics to Reveal Hidden Features	"Tuan Dang,Leland Wilkinson"								vr	23%	IVA	
C7	C	2	1-Mar-14	Proceedings of the 7th IEEE Pacific Visualization Symposium	PacificVis 2014	ScagExplorer: Exploring Scatterplots by Their Scagnostics	"Tuan Dang,Leland Wilkinson"								vr	29%	IVA	
C6	C	3	1-Jul-13	Proceedings of the 9th International Symposium on Visual Computing	ISVC 2013	TimeExplorer: Similarity Search Time Series by Their Signatures	"Tuan Dang,Leland Wilkinson"								vr		IVA	
C5	C	3	1-Sep-12	Proceedings of the 5th International Symposium on Visual Information Communication and Interaction	VINCI 2012	Detecting interesting distributions in multiple time series data	"Tuan Dang,Leland Wilkinson"								vr		IVA	
C4 	C	3	1-Jul-12	Proceedings of the 8th International Symposium on Visual Computing	ISVC 2012	FmFinder: Search and Filter Your Favorite Songs	"Tuan Dang,Anushka Anand,Leland Wilkinson"								vr		BDV	
J3	J	1	1-Apr-12	IEEE Transactions on Visualization and Computer Graphics 19(3)	TVCG 2012	TimeSeer: Scagnostics for High-Dimensional Time Series	"Tuan Dang,Anushka Anand,Leland Wilkinson"								vr		IVA	
C3	C	1	1-Jun-12	Proceedings of IEEE Conference on Visual Analytics Science and Technology	VAST 2012	Visual Pattern Discovery using Random Projections	"Anushka Anand,Leland Wilkinson,Tuan Dang"								vr	28%	IVA	
J2	J	1	1-Jan-12	Journal ACM Transactions on Knowledge Discovery from Data	TKDD 2012	Substantial improvements in the set-covering projection classifier CHIRP	"Tuan Dang,Anushka Anand,Leland Wilkinson"								vr		IVA	
C2	C	1	1-Jan-11	Proceedings of the 17th ACM SIGKDD International Conference on Knowledge Discovery and Data Mining	KDD 2011	CHIRP: A new classifier based on Composite Hypercubes on Iterated Random Projections	"Leland Wilkinson,Anushka Anand,Tuan Dang"								vr	17.50%	EML	
J1	J	1	1-Jan-10	IEEE Transactions on Visualization AndComputer Graphics 16(6)	InfoVis 2010	Stacking Graphic Elements to Avoid Over-Plotting	"Tuan Dang,Anushka Anand,Leland Wilkinson"								vr	26%	BDV	
C1	C	1	1-Jan-09	Proceedings of IEEE International Conference on Data Mining	ICDM 2009	An L-infinity Norm Visual Classier	"Anushka Anand,Leland Wilkinson,Tuan Dang"								vr	17.80%	EML	